CREATE TABLE IF NOT EXISTS `django_migrations` (`id` int NOT NULL PRIMARY KEY AUTO_INCREMENT, `app` varchar(255) NOT NULL, `name` varchar(255) NOT NULL, `applied` timestamp NOT NULL);
INSERT INTO django_migrations VALUES(1,'contenttypes','0001_initial','2021-05-01 21:46:35.625599');
INSERT INTO django_migrations VALUES(2,'auth','0001_initial','2021-05-01 21:46:36.021373');
INSERT INTO django_migrations VALUES(3,'admin','0001_initial','2021-05-01 21:46:36.378700');
INSERT INTO django_migrations VALUES(4,'admin','0002_logentry_remove_auto_add','2021-05-01 21:46:36.575590');
INSERT INTO django_migrations VALUES(5,'admin','0003_logentry_add_action_flag_choices','2021-05-01 21:46:36.742494');
INSERT INTO django_migrations VALUES(6,'contenttypes','0002_remove_content_type_name','2021-05-01 21:46:36.951375');
INSERT INTO django_migrations VALUES(7,'auth','0002_alter_permission_name_max_length','2021-05-01 21:46:37.148260');
INSERT INTO django_migrations VALUES(8,'auth','0003_alter_user_email_max_length','2021-05-01 21:46:37.351859');
INSERT INTO django_migrations VALUES(9,'auth','0004_alter_user_username_opts','2021-05-01 21:46:37.582726');
INSERT INTO django_migrations VALUES(10,'auth','0005_alter_user_last_login_null','2021-05-01 21:46:37.773620');
INSERT INTO django_migrations VALUES(11,'auth','0006_require_contenttypes_0002','2021-05-01 21:46:37.901544');
INSERT INTO django_migrations VALUES(12,'auth','0007_alter_validators_add_error_messages','2021-05-01 21:46:38.027474');
INSERT INTO django_migrations VALUES(13,'auth','0008_alter_user_username_max_length','2021-05-01 21:46:38.175388');
INSERT INTO django_migrations VALUES(14,'auth','0009_alter_user_last_name_max_length','2021-05-01 21:46:38.352285');
INSERT INTO django_migrations VALUES(15,'auth','0010_alter_group_name_max_length','2021-05-01 21:46:38.539139');
INSERT INTO django_migrations VALUES(16,'auth','0011_update_proxy_permissions','2021-05-01 21:46:38.705592');
INSERT INTO django_migrations VALUES(17,'auth','0012_alter_user_first_name_max_length','2021-05-01 21:46:38.877494');
INSERT INTO django_migrations VALUES(18,'sessions','0001_initial','2021-05-01 21:46:39.212301');
INSERT INTO django_migrations VALUES(19,'store','0001_initial','2021-05-01 21:46:39.578629');
INSERT INTO django_migrations VALUES(20,'store','0002_product_image','2021-05-04 16:54:13.196234');
CREATE TABLE IF NOT EXISTS `auth_group_permissions` (`id` int NOT NULL PRIMARY KEY AUTO_INCREMENT, `group_id` integer NOT NULL REFERENCES `auth_group` (`id`), `permission_id` integer NOT NULL REFERENCES `auth_permission` (`id`));
CREATE TABLE IF NOT EXISTS `auth_user_groups` (`id` int NOT NULL PRIMARY KEY AUTO_INCREMENT, `user_id` integer NOT NULL REFERENCES `auth_user` (`id`), `group_id` integer NOT NULL REFERENCES `auth_group` (`id`));
CREATE TABLE IF NOT EXISTS `auth_user_user_permissions` (`id` int NOT NULL PRIMARY KEY AUTO_INCREMENT, `user_id` integer NOT NULL REFERENCES `auth_user` (`id`), `permission_id` integer NOT NULL REFERENCES `auth_permission` (`id`));
CREATE TABLE IF NOT EXISTS `django_admin_log` (`id` int NOT NULL PRIMARY KEY AUTO_INCREMENT, `action_time` timestamp NOT NULL, `object_id` varchar(8) NULL, `object_repr` varchar(200) NOT NULL, `change_message` varchar(255) NOT NULL, `content_type_id` integer NULL REFERENCES `django_content_type` (`id`), `user_id` integer NOT NULL REFERENCES `auth_user` (`id`), `action_flag` smallint unsigned NOT NULL CHECK (`action_flag` >= 0));
INSERT INTO django_admin_log VALUES(1,'2021-05-01 21:57:06.206372','1','Headphones','[{`added`: {}}]',9,1,1);
INSERT INTO django_admin_log VALUES(2,'2021-05-01 21:57:29.640977','1','Headphones','[{`changed`: {`fields`: [`Digital`]}}]',9,1,2);
INSERT INTO django_admin_log VALUES(3,'2021-05-01 21:58:20.765660','2','Mount of Olives Book','[{`added`: {}}]',9,1,1);
INSERT INTO django_admin_log VALUES(4,'2021-05-01 21:58:48.955727','3','Project Source Code','[{`added`: {}}]',9,1,1);
INSERT INTO django_admin_log VALUES(5,'2021-05-01 21:59:12.968198','4','Watch','[{`added`: {}}]',9,1,1);
INSERT INTO django_admin_log VALUES(6,'2021-05-01 21:59:27.169088','5','Shoes','[{`added`: {}}]',9,1,1);
INSERT INTO django_admin_log VALUES(7,'2021-05-01 21:59:41.924717','6','T-shirt','[{`added`: {}}]',9,1,1);
INSERT INTO django_admin_log VALUES(8,'2021-05-04 17:01:57.969522','6','T-shirt','[{`changed`: {`fields`: [`Image`]}}]',9,1,2);
INSERT INTO django_admin_log VALUES(9,'2021-05-04 17:02:12.972956','5','Shoes','[{`changed`: {`fields`: [`Image`]}}]',9,1,2);
INSERT INTO django_admin_log VALUES(10,'2021-05-04 17:02:25.830398','4','Watch','[{`changed`: {`fields`: [`Image`]}}]',9,1,2);
INSERT INTO django_admin_log VALUES(11,'2021-05-04 17:02:41.641422','3','Project Source Code','[{`changed`: {`fields`: [`Image`]}}]',9,1,2);
INSERT INTO django_admin_log VALUES(12,'2021-05-04 17:02:56.901442','2','Mount of Olives Book','[{`changed`: {`fields`: [`Image`]}}]',9,1,2);
INSERT INTO django_admin_log VALUES(13,'2021-05-04 17:03:12.226090','1','Headphones','[{`changed`: {`fields`: [`Image`]}}]',9,1,2);
INSERT INTO django_admin_log VALUES(14,'2021-05-04 17:42:14.044859','6','Buds','[{`changed`: {`fields`: [`Name`, `Image`]}}]',9,1,2);
INSERT INTO django_admin_log VALUES(15,'2021-05-04 17:42:29.799698','4','Watch','[{`changed`: {`fields`: [`Image`]}}]',9,1,2);
INSERT INTO django_admin_log VALUES(16,'2021-05-04 17:43:03.649956','3','Bag','[{`changed`: {`fields`: [`Name`, `Image`]}}]',9,1,2);
INSERT INTO django_admin_log VALUES(17,'2021-05-04 17:43:14.386475','2','Mount of Olives Book','[{`changed`: {`fields`: [`Image`]}}]',9,1,2);
INSERT INTO django_admin_log VALUES(18,'2021-05-04 17:50:31.805675','6','Plant','[{`changed`: {`fields`: [`Name`, `Image`]}}]',9,1,2);
INSERT INTO django_admin_log VALUES(19,'2021-05-04 17:51:13.585439','3','Camera','[{`changed`: {`fields`: [`Name`, `Price`, `Image`]}}]',9,1,2);
INSERT INTO django_admin_log VALUES(20,'2021-05-04 17:55:32.072571','6','Plant','[{`changed`: {`fields`: [`Image`]}}]',9,1,2);
INSERT INTO django_admin_log VALUES(21,'2021-05-04 17:55:47.982578','3','Camera','[{`changed`: {`fields`: [`Image`]}}]',9,1,2);
INSERT INTO django_admin_log VALUES(22,'2021-05-04 17:58:52.964862','4','Watch','[{`changed`: {`fields`: [`Image`]}}]',9,1,2);
INSERT INTO django_admin_log VALUES(23,'2021-05-04 20:51:44.674578','7','Air Buds','[{`added`: {}}]',9,1,1);
INSERT INTO django_admin_log VALUES(24,'2021-05-04 20:52:31.821564','8','Cap','[{`added`: {}}]',9,1,1);
INSERT INTO django_admin_log VALUES(25,'2021-05-04 20:53:24.945731','9','Sun Glass','[{`added`: {}}]',9,1,1);
INSERT INTO django_admin_log VALUES(26,'2021-05-04 20:54:33.916880','10','Face Wash','[{`added`: {}}]',9,1,1);
INSERT INTO django_admin_log VALUES(27,'2021-05-04 20:55:16.684827','11','Perfume','[{`added`: {}}]',9,1,1);
INSERT INTO django_admin_log VALUES(28,'2021-05-04 20:56:16.341932','12','Mobile','[{`added`: {}}]',9,1,1);
INSERT INTO django_admin_log VALUES(29,'2021-05-04 20:57:03.977605','13','Shirt','[{`added`: {}}]',9,1,1);
INSERT INTO django_admin_log VALUES(30,'2021-05-04 20:57:24.179613','14','T-shirt','[{`added`: {}}]',9,1,1);
INSERT INTO django_admin_log VALUES(31,'2021-05-04 20:57:53.302567','15','Travel Bag','[{`added`: {}}]',9,1,1);
INSERT INTO django_admin_log VALUES(32,'2021-05-06 17:56:06.300451','1','Ruhul Amin','[{`added`: {}}]',7,1,1);
INSERT INTO django_admin_log VALUES(33,'2021-05-06 17:57:01.833253','1','1','[{`added`: {}}]',8,1,1);
INSERT INTO django_admin_log VALUES(34,'2021-05-06 17:58:08.442535','1','OrderItem object (1)','[{`added`: {}}]',11,1,1);
INSERT INTO django_admin_log VALUES(35,'2021-05-06 17:58:29.470407','2','OrderItem object (2)','[{`added`: {}}]',11,1,1);
INSERT INTO django_admin_log VALUES(36,'2021-05-06 19:33:24.237876','10','Face Wash','[{`changed`: {`fields`: [`Image`]}}]',9,1,2);
INSERT INTO django_admin_log VALUES(37,'2021-05-06 19:35:49.812473','11','Perfume','[{`changed`: {`fields`: [`Image`]}}]',9,1,2);
INSERT INTO django_admin_log VALUES(38,'2021-05-06 19:37:00.948488','11','Perfume','[{`changed`: {`fields`: [`Image`]}}]',9,1,2);
INSERT INTO django_admin_log VALUES(39,'2021-05-06 19:37:41.379856','11','Perfume','[{`changed`: {`fields`: [`Image`]}}]',9,1,2);
INSERT INTO django_admin_log VALUES(40,'2021-05-06 19:37:51.788733','11','Perfume','[{`changed`: {`fields`: [`Image`]}}]',9,1,2);
INSERT INTO django_admin_log VALUES(41,'2021-05-06 19:38:54.181990','11','Perfume','[{`changed`: {`fields`: [`Image`]}}]',9,1,2);
INSERT INTO django_admin_log VALUES(42,'2021-05-06 19:39:54.335068','11','Perfume','[{`changed`: {`fields`: [`Image`]}}]',9,1,2);
INSERT INTO django_admin_log VALUES(43,'2021-05-06 19:40:36.819769','11','Perfume','[{`changed`: {`fields`: [`Image`]}}]',9,1,2);
INSERT INTO django_admin_log VALUES(44,'2021-05-06 19:40:53.200763','11','Perfume','[]',9,1,2);
INSERT INTO django_admin_log VALUES(45,'2021-05-06 19:41:28.144216','11','Perfume','[{`changed`: {`fields`: [`Image`]}}]',9,1,2);
INSERT INTO django_admin_log VALUES(46,'2021-05-06 19:43:02.630068','11','Perfume','[{`changed`: {`fields`: [`Image`]}}]',9,1,2);
INSERT INTO django_admin_log VALUES(47,'2021-05-06 19:43:24.097787','11','Perfume','[{`changed`: {`fields`: [`Image`]}}]',9,1,2);
INSERT INTO django_admin_log VALUES(48,'2021-05-06 19:44:25.452682','11','Perfume','[{`changed`: {`fields`: [`Image`]}}]',9,1,2);
INSERT INTO django_admin_log VALUES(49,'2021-05-06 19:44:59.199223','11','Perfume','[{`changed`: {`fields`: [`Image`]}}]',9,1,2);
INSERT INTO django_admin_log VALUES(50,'2021-05-06 19:50:00.419089','11','Speaker','[{`changed`: {`fields`: [`Name`, `Price`, `Image`]}}]',9,1,2);
INSERT INTO django_admin_log VALUES(51,'2021-05-06 19:51:44.610757','4','Watch','[{`changed`: {`fields`: [`Image`]}}]',9,1,2);
INSERT INTO django_admin_log VALUES(52,'2021-09-10 21:48:31.154470','1','OrderItem object (1)','',11,2,3);
INSERT INTO django_admin_log VALUES(53,'2021-09-10 21:48:36.254798','2','OrderItem object (2)','',11,2,3);
INSERT INTO django_admin_log VALUES(54,'2021-09-10 21:48:45.589094','1','1','',8,2,3);
INSERT INTO django_admin_log VALUES(55,'2021-09-10 21:49:34.862438','1','Ruhul Amin','',7,2,3);
INSERT INTO django_admin_log VALUES(56,'2021-09-10 21:50:08.764110','2','ruhulamin','[{`added`: {}}]',7,2,1);
INSERT INTO django_admin_log VALUES(57,'2021-09-10 21:50:34.978131','2','ruhulamin','',7,2,3);
INSERT INTO django_admin_log VALUES(58,'2021-09-10 21:51:51.590110','3','Ruhul Amin Parvez','[{`added`: {}}]',7,2,1);
INSERT INTO django_admin_log VALUES(59,'2021-09-10 21:52:38.089726','2','2','[{`added`: {}}]',8,2,1);
INSERT INTO django_admin_log VALUES(60,'2021-09-10 21:52:42.774518','3','OrderItem object (3)','[{`added`: {}}]',11,2,1);
INSERT INTO django_admin_log VALUES(61,'2021-09-10 21:52:58.629346','4','OrderItem object (4)','[{`added`: {}}]',11,2,1);
INSERT INTO django_admin_log VALUES(62,'2021-09-11 10:36:27.375354','2','Mount of Olives Book','[{`changed`: {`fields`: [`Digital`]}}]',9,2,2);
INSERT INTO django_admin_log VALUES(63,'2021-09-12 18:14:13.766771','16','Sneakers','[{`added`: {}}]',9,2,1);
INSERT INTO django_admin_log VALUES(64,'2021-09-12 18:14:36.906696','17','Book','[{`added`: {}}]',9,2,1);
INSERT INTO django_admin_log VALUES(65,'2021-09-12 18:15:01.784818','18','Shirt','[{`added`: {}}]',9,2,1);
INSERT INTO django_admin_log VALUES(66,'2021-09-12 18:16:16.226512','18','Shirt','',9,2,3);
INSERT INTO django_admin_log VALUES(67,'2021-09-12 18:16:27.105519','17','Book','',9,2,3);
INSERT INTO django_admin_log VALUES(68,'2021-09-12 18:16:36.019458','16','Sneakers','',9,2,3);
INSERT INTO django_admin_log VALUES(69,'2021-09-12 18:17:12.187758','19','Sneakers','[{`added`: {}}]',9,2,1);
INSERT INTO django_admin_log VALUES(70,'2021-09-12 18:17:43.912667','20','Yellow Shirt','[{`added`: {}}]',9,2,1);
INSERT INTO django_admin_log VALUES(71,'2021-09-12 18:18:02.307227','21','Book','[{`added`: {}}]',9,2,1);
INSERT INTO django_admin_log VALUES(72,'2021-09-12 18:20:37.731877','22','Headsphones','[{`added`: {}}]',9,2,1);
INSERT INTO django_admin_log VALUES(73,'2021-09-12 18:20:51.132703','22','Headsphones','',9,2,3);
INSERT INTO django_admin_log VALUES(74,'2021-09-12 18:26:54.679237','21','Book','',9,2,3);
INSERT INTO django_admin_log VALUES(75,'2021-09-12 18:26:54.794270','20','Yellow Shirt','',9,2,3);
INSERT INTO django_admin_log VALUES(76,'2021-09-12 18:26:54.907271','19','Sneakers','',9,2,3);
INSERT INTO django_admin_log VALUES(77,'2021-09-12 18:27:36.541682','23','Sneakers','[{`added`: {}}]',9,2,1);
INSERT INTO django_admin_log VALUES(78,'2021-09-12 18:27:53.721124','24','Yellow Shirt','[{`added`: {}}]',9,2,1);
INSERT INTO django_admin_log VALUES(79,'2021-09-12 18:28:14.387955','25','Book','[{`added`: {}}]',9,2,1);
CREATE TABLE IF NOT EXISTS `django_content_type` (`id` int NOT NULL PRIMARY KEY AUTO_INCREMENT, `app_label` varchar(100) NOT NULL, `model` varchar(100) NOT NULL);
INSERT INTO django_content_type VALUES(1,'admin','logentry');
INSERT INTO django_content_type VALUES(2,'auth','permission');
INSERT INTO django_content_type VALUES(3,'auth','group');
INSERT INTO django_content_type VALUES(4,'auth','user');
INSERT INTO django_content_type VALUES(5,'contenttypes','contenttype');
INSERT INTO django_content_type VALUES(6,'sessions','session');
INSERT INTO django_content_type VALUES(7,'store','customer');
INSERT INTO django_content_type VALUES(8,'store','order');
INSERT INTO django_content_type VALUES(9,'store','product');
INSERT INTO django_content_type VALUES(10,'store','shippingaddress');
INSERT INTO django_content_type VALUES(11,'store','orderitem');
CREATE TABLE IF NOT EXISTS `auth_permission` (`id` int NOT NULL PRIMARY KEY AUTO_INCREMENT, `content_type_id` integer NOT NULL REFERENCES `django_content_type` (`id`), `codename` varchar(100) NOT NULL, `name` varchar(255) NOT NULL);
INSERT INTO auth_permission VALUES(1,1,'add_logentry','Can add log entry');
INSERT INTO auth_permission VALUES(2,1,'change_logentry','Can change log entry');
INSERT INTO auth_permission VALUES(3,1,'delete_logentry','Can delete log entry');
INSERT INTO auth_permission VALUES(4,1,'view_logentry','Can view log entry');
INSERT INTO auth_permission VALUES(5,2,'add_permission','Can add permission');
INSERT INTO auth_permission VALUES(6,2,'change_permission','Can change permission');
INSERT INTO auth_permission VALUES(7,2,'delete_permission','Can delete permission');
INSERT INTO auth_permission VALUES(8,2,'view_permission','Can view permission');
INSERT INTO auth_permission VALUES(9,3,'add_group','Can add group');
INSERT INTO auth_permission VALUES(10,3,'change_group','Can change group');
INSERT INTO auth_permission VALUES(11,3,'delete_group','Can delete group');
INSERT INTO auth_permission VALUES(12,3,'view_group','Can view group');
INSERT INTO auth_permission VALUES(13,4,'add_user','Can add user');
INSERT INTO auth_permission VALUES(14,4,'change_user','Can change user');
INSERT INTO auth_permission VALUES(15,4,'delete_user','Can delete user');
INSERT INTO auth_permission VALUES(16,4,'view_user','Can view user');
INSERT INTO auth_permission VALUES(17,5,'add_contenttype','Can add content type');
INSERT INTO auth_permission VALUES(18,5,'change_contenttype','Can change content type');
INSERT INTO auth_permission VALUES(19,5,'delete_contenttype','Can delete content type');
INSERT INTO auth_permission VALUES(20,5,'view_contenttype','Can view content type');
INSERT INTO auth_permission VALUES(21,6,'add_session','Can add session');
INSERT INTO auth_permission VALUES(22,6,'change_session','Can change session');
INSERT INTO auth_permission VALUES(23,6,'delete_session','Can delete session');
INSERT INTO auth_permission VALUES(24,6,'view_session','Can view session');
INSERT INTO auth_permission VALUES(25,7,'add_customer','Can add customer');
INSERT INTO auth_permission VALUES(26,7,'change_customer','Can change customer');
INSERT INTO auth_permission VALUES(27,7,'delete_customer','Can delete customer');
INSERT INTO auth_permission VALUES(28,7,'view_customer','Can view customer');
INSERT INTO auth_permission VALUES(29,8,'add_order','Can add order');
INSERT INTO auth_permission VALUES(30,8,'change_order','Can change order');
INSERT INTO auth_permission VALUES(31,8,'delete_order','Can delete order');
INSERT INTO auth_permission VALUES(32,8,'view_order','Can view order');
INSERT INTO auth_permission VALUES(33,9,'add_product','Can add product');
INSERT INTO auth_permission VALUES(34,9,'change_product','Can change product');
INSERT INTO auth_permission VALUES(35,9,'delete_product','Can delete product');
INSERT INTO auth_permission VALUES(36,9,'view_product','Can view product');
INSERT INTO auth_permission VALUES(37,10,'add_shippingaddress','Can add shipping address');
INSERT INTO auth_permission VALUES(38,10,'change_shippingaddress','Can change shipping address');
INSERT INTO auth_permission VALUES(39,10,'delete_shippingaddress','Can delete shipping address');
INSERT INTO auth_permission VALUES(40,10,'view_shippingaddress','Can view shipping address');
INSERT INTO auth_permission VALUES(41,11,'add_orderitem','Can add order item');
INSERT INTO auth_permission VALUES(42,11,'change_orderitem','Can change order item');
INSERT INTO auth_permission VALUES(43,11,'delete_orderitem','Can delete order item');
INSERT INTO auth_permission VALUES(44,11,'view_orderitem','Can view order item');
CREATE TABLE IF NOT EXISTS `auth_group` (`id` int NOT NULL PRIMARY KEY AUTO_INCREMENT, `name` varchar(150) NOT NULL UNIQUE);
CREATE TABLE IF NOT EXISTS `auth_user` (`id` int NOT NULL PRIMARY KEY AUTO_INCREMENT, `password` varchar(128) NOT NULL, `last_login` timestamp NULL, `is_superuser` bool NOT NULL, `username` varchar(150) NOT NULL UNIQUE, `last_name` varchar(150) NOT NULL, `email` varchar(254) NOT NULL, `is_staff` bool NOT NULL, `is_active` bool NOT NULL, `date_joined` timestamp NOT NULL, `first_name` varchar(150) NOT NULL);
INSERT INTO auth_user VALUES(1,'pbkdf2_sha256$260000$BbOsJMV8hwkyOZguEA3Ztc$2Ko9q859B2H21/pt2ys4o7nTfWzoL30oW/G+YWImzHs=','2021-05-01 21:55:04.890352',1,'Ruhul','','ruhulaminparvez007@gmail.com',1,1,'2021-05-01 21:54:14.141547','');
INSERT INTO auth_user VALUES(2,'pbkdf2_sha256$260000$vZOeyUvhqhbpzQw1V8u0HD$vaKrJbrtqrLZbmNuQy1hSFRSIxx+k4HzaJ63zCxsq3E=','2021-09-12 18:20:01.307378',1,'ruhulaminparvez','','ruhulaminparvez007@gmail.com',1,1,'2021-09-10 21:46:32.832431','');
CREATE TABLE IF NOT EXISTS `django_session` (`session_key` varchar(40) NOT NULL PRIMARY KEY, `session_data` varchar(500) NOT NULL, `expire_date` timestamp NOT NULL);
INSERT INTO django_session VALUES('txkrzn4u97bgf4wqifikf600qomo31jr','.eJxVjDEOwjAMRe-SGUXgNLhhZO8ZIjt2SAGlUtNOiLtDpQ6w_vfef5lI61Li2nSOo5iLOZnD78aUHlo3IHeqt8mmqS7zyHZT7E6bHSbR53V3_w4KtfKtHQhSAD2T-tz7lDsOkpMTRgbCDCCdl4wSwLmsQD0eSRM6jwiS2Lw_Dis4_g:1lcxZp:2mUKHVc1sILArTDgqVvWirNblOF56I8zI16j9Y367Zk','2021-05-15 21:55:05.040250');
INSERT INTO django_session VALUES('ougnj1vmhfzfv5vgwzjuyhtj3n39djjl','.eJxVjEEOwiAQAP_C2ZAutAgevfuGZmF3pWogKe3J-HdD0oNeZybzVjPuW573xuu8kLooo06_LGJ6cumCHljuVadatnWJuif6sE3fKvHrerR_g4wt920SQLEIYyBwwZsEjicn0Q7IMVimIbjxDB45sJDzYiZrABIZCYyoPl_uFzhl:1mP0m6:JwPCoMDUiKJypR_jYSiA6p0JUcC32yJ-jE95t5_6wZ4','2021-09-25 11:02:22.312324');
CREATE TABLE IF NOT EXISTS `store_customer` (`id` int NOT NULL PRIMARY KEY AUTO_INCREMENT, `name` varchar(200) NULL, `email` varchar(200) NULL, `user_id` integer NULL UNIQUE REFERENCES `auth_user` (`id`));
INSERT INTO store_customer VALUES(3,'Ruhul Amin Parvez','ruhulaminparvez007@gmail.com',2);
INSERT INTO store_customer VALUES(4,'SABINA','varsityworks03@gmail.com',NULL);
INSERT INTO store_customer VALUES(5,'newUser','new@gmail.com',NULL);
CREATE TABLE IF NOT EXISTS `store_order` (`id` int NOT NULL PRIMARY KEY AUTO_INCREMENT, `date_order` timestamp NOT NULL, `complete` bool NULL, `transaction_id` varchar(200) NULL, `customer_id` bigint NULL REFERENCES `store_customer` (`id`));
INSERT INTO store_order VALUES(2,'2021-09-10 21:52:38.087733',1,'1631359677.328553',3);
INSERT INTO store_order VALUES(3,'2021-09-11 11:27:59.521077',1,'1631359758.336635',3);
INSERT INTO store_order VALUES(4,'2021-09-11 11:29:21.915764',1,'1631359775.958279',3);
INSERT INTO store_order VALUES(5,'2021-09-11 11:29:37.470817',1,'1631360076.076647',3);
INSERT INTO store_order VALUES(6,'2021-09-11 11:34:37.914888',1,'1631360093.823332',3);
INSERT INTO store_order VALUES(7,'2021-09-11 11:34:55.503587',1,'1631385779.297626',3);
INSERT INTO store_order VALUES(8,'2021-09-11 18:43:01.777170',1,'1631437861.2598',3);
INSERT INTO store_order VALUES(9,'2021-09-12 09:11:03.127201',1,'1631469152.192069',3);
INSERT INTO store_order VALUES(10,'2021-09-12 17:52:35.484851',1,'1631469305.647263',3);
INSERT INTO store_order VALUES(11,'2021-09-12 17:55:08.173448',1,'1631469499.488966',3);
INSERT INTO store_order VALUES(12,'2021-09-12 17:58:21.810624',1,'1631471384.985449',3);
INSERT INTO store_order VALUES(13,'2021-09-12 17:59:41.394552',1,'1631469580.957803',4);
INSERT INTO store_order VALUES(14,'2021-09-12 18:29:45.738018',0,NULL,3);
INSERT INTO store_order VALUES(15,'2021-09-12 18:31:09.445073',1,'1631471469.085241',5);
CREATE TABLE IF NOT EXISTS `store_shippingaddress` (`id` int NOT NULL PRIMARY KEY AUTO_INCREMENT, `address` varchar(200) NULL, `city` varchar(200) NULL, `state` varchar(200) NULL, `zipcode` varchar(200) NULL, `date_added` timestamp NOT NULL, `customer_id` bigint NULL REFERENCES `store_customer` (`id`), `order_id` bigint NULL REFERENCES `store_order` (`id`));
INSERT INTO store_shippingaddress VALUES(1,'Dhaka','Dhaka','Dhaka','3310','2021-09-11 11:27:57.524742',3,2);
INSERT INTO store_shippingaddress VALUES(2,'bahubal','sylhet','habiganj','3310','2021-09-11 11:34:53.922185',3,6);
INSERT INTO store_shippingaddress VALUES(3,'Dhanmondi - 27, Dhaka, Bahubal, Habiganj, Sylhet','Dhaka','Dhaka','3310','2021-09-12 17:52:32.398673',3,9);
INSERT INTO store_shippingaddress VALUES(4,'Dhanmondi - 27, Dhaka, Bahubal, Habiganj, Sylhet','Habiganj','Dhaka','3310','2021-09-12 17:55:05.814564',3,10);
INSERT INTO store_shippingaddress VALUES(5,'Dhanmondi - 27, Dhaka, Bahubal, Habiganj, Sylhet','Dhaka','Dhaka','3310','2021-09-12 17:58:19.795792',3,11);
INSERT INTO store_shippingaddress VALUES(6,'Dhanmondi - 27, Dhaka, Bahubal, Habiganj, Sylhet','Dhaka','Dhaka','3310','2021-09-12 17:59:42.625208',4,13);
INSERT INTO store_shippingaddress VALUES(7,'Dhanmondi - 27, Dhaka, Bahubal, Habiganj, Sylhet','Dhaka','Dhaka','3310','2021-09-12 18:29:45.154353',3,12);
CREATE TABLE IF NOT EXISTS `store_orderitem` (`id` int NOT NULL PRIMARY KEY AUTO_INCREMENT, `quantity` integer NULL, `date_added` timestamp NOT NULL, `order_id` bigint NULL REFERENCES `store_order` (`id`), `product_id` bigint NULL REFERENCES `store_product` (`id`));
INSERT INTO store_orderitem VALUES(10,1,'2021-09-11 11:24:53.102046',2,1);
INSERT INTO store_orderitem VALUES(11,1,'2021-09-11 11:29:12.463963',3,3);
INSERT INTO store_orderitem VALUES(12,1,'2021-09-11 11:29:24.848208',4,2);
INSERT INTO store_orderitem VALUES(13,1,'2021-09-11 11:34:29.044059',5,2);
INSERT INTO store_orderitem VALUES(14,1,'2021-09-11 11:34:42.677511',6,6);
INSERT INTO store_orderitem VALUES(15,1,'2021-09-11 18:42:44.021566',7,3);
INSERT INTO store_orderitem VALUES(16,1,'2021-09-12 09:10:45.701617',8,2);
INSERT INTO store_orderitem VALUES(17,1,'2021-09-12 09:10:48.235538',8,3);
INSERT INTO store_orderitem VALUES(19,1,'2021-09-12 09:27:16.999595',9,1);
INSERT INTO store_orderitem VALUES(20,1,'2021-09-12 09:27:19.279022',9,3);
INSERT INTO store_orderitem VALUES(23,1,'2021-09-12 17:54:17.934614',10,14);
INSERT INTO store_orderitem VALUES(24,1,'2021-09-12 17:54:20.218324',10,15);
INSERT INTO store_orderitem VALUES(25,1,'2021-09-12 17:54:23.221286',10,13);
INSERT INTO store_orderitem VALUES(27,2,'2021-09-12 17:57:03.504893',11,5);
INSERT INTO store_orderitem VALUES(28,1,'2021-09-12 17:57:08.870293',11,6);
INSERT INTO store_orderitem VALUES(29,2,'2021-09-12 17:57:13.310989',11,14);
INSERT INTO store_orderitem VALUES(30,1,'2021-09-12 17:57:15.444208',11,13);
INSERT INTO store_orderitem VALUES(31,3,'2021-09-12 17:59:41.641411',13,1);
INSERT INTO store_orderitem VALUES(32,2,'2021-09-12 17:59:41.889268',13,14);
INSERT INTO store_orderitem VALUES(33,1,'2021-09-12 17:59:42.094182',13,15);
INSERT INTO store_orderitem VALUES(35,2,'2021-09-12 18:28:31.637934',12,24);
INSERT INTO store_orderitem VALUES(37,2,'2021-09-12 18:28:38.812861',12,15);
INSERT INTO store_orderitem VALUES(38,2,'2021-09-12 18:28:41.065456',12,13);
INSERT INTO store_orderitem VALUES(39,2,'2021-09-12 18:31:09.734906',15,2);
INSERT INTO store_orderitem VALUES(40,1,'2021-09-12 18:31:09.920030',15,3);
CREATE TABLE IF NOT EXISTS `store_product` (`id` int NOT NULL PRIMARY KEY AUTO_INCREMENT, `name` varchar(200) NULL, `price` double NULL, `digital` bool NULL, `image` varchar(100) NULL);
INSERT INTO store_product VALUES(1,'Headphones',179.0,0,'headphones.jpg');
INSERT INTO store_product VALUES(2,'Mount of Olives Book',14.9900000000000002,1,'book.jpg');
INSERT INTO store_product VALUES(3,'Camera',599.990000000000009,1,'camera.jpg');
INSERT INTO store_product VALUES(4,'Watch',259.0,0,'apple-watch.jpg');
INSERT INTO store_product VALUES(5,'Shoes',150.0,0,'shoes.jpg');
INSERT INTO store_product VALUES(6,'Plant',99.0,0,'plant.jpg');
INSERT INTO store_product VALUES(7,'Air Buds',50.9900000000000019,0,'buds.jpg');
INSERT INTO store_product VALUES(8,'Cap',25.0,0,'cap.jpg');
INSERT INTO store_product VALUES(9,'Sun Glass',20.0,0,'sun-glass.jpg');
INSERT INTO store_product VALUES(10,'Face Wash',15.9900000000000002,0,'facewash.jpg');
INSERT INTO store_product VALUES(11,'Speaker',125.0,0,'speaker.jpg');
INSERT INTO store_product VALUES(12,'Mobile',100.0,0,'mobile.jpg');
INSERT INTO store_product VALUES(13,'Shirt',39.9900000000000019,0,'shirt.jpg');
INSERT INTO store_product VALUES(14,'T-shirt',25.9899999999999984,0,'tshirt.jpg');
INSERT INTO store_product VALUES(15,'Travel Bag',55.9900000000000019,0,'travel-bag.jpg');
INSERT INTO store_product VALUES(23,'Sneakers',350.0,0,'sneakers_Hb2Op4C.jpg');
INSERT INTO store_product VALUES(24,'Yellow Shirt',150.0,0,'shirt-another_IBd2jh9.jpg');
INSERT INTO store_product VALUES(25,'Book',50.0,1,'book-another_K1HOPeg.jpg');
CREATE UNIQUE INDEX `auth_group_permissions_group_id_permission_id_0cd325b0_uniq` ON `auth_group_permissions` (`group_id`, `permission_id`);
CREATE INDEX `auth_group_permissions_group_id_b120cbf9` ON `auth_group_permissions` (`group_id`);
CREATE INDEX `auth_group_permissions_permission_id_84c5c92e` ON `auth_group_permissions` (`permission_id`);
CREATE UNIQUE INDEX `auth_user_groups_user_id_group_id_94350c0c_uniq` ON `auth_user_groups` (`user_id`, `group_id`);
CREATE INDEX `auth_user_groups_user_id_6a12ed8b` ON `auth_user_groups` (`user_id`);
CREATE INDEX `auth_user_groups_group_id_97559544` ON `auth_user_groups` (`group_id`);
CREATE UNIQUE INDEX `auth_user_user_permissions_user_id_permission_id_14a6b632_uniq` ON `auth_user_user_permissions` (`user_id`, `permission_id`);
CREATE INDEX `auth_user_user_permissions_user_id_a95ead1b` ON `auth_user_user_permissions` (`user_id`);
CREATE INDEX `auth_user_user_permissions_permission_id_1fbb5f2c` ON `auth_user_user_permissions` (`permission_id`);
CREATE INDEX `django_admin_log_content_type_id_c4bce8eb` ON `django_admin_log` (`content_type_id`);
CREATE INDEX `django_admin_log_user_id_c564eba6` ON `django_admin_log` (`user_id`);
CREATE UNIQUE INDEX `django_content_type_app_label_model_76bd3d3b_uniq` ON `django_content_type` (`app_label`, `model`);
CREATE UNIQUE INDEX `auth_permission_content_type_id_codename_01ab375a_uniq` ON `auth_permission` (`content_type_id`, `codename`);
CREATE INDEX `auth_permission_content_type_id_2f476e4b` ON `auth_permission` (`content_type_id`);
CREATE INDEX `django_session_expire_date_a5c62663` ON `django_session` (`expire_date`);
CREATE INDEX `store_order_customer_id_13d6d43e` ON `store_order` (`customer_id`);
CREATE INDEX `store_shippingaddress_customer_id_66e362a6` ON `store_shippingaddress` (`customer_id`);
CREATE INDEX `store_shippingaddress_order_id_e6decfbb` ON `store_shippingaddress` (`order_id`);
CREATE INDEX `store_orderitem_order_id_acf8722d` ON `store_orderitem` (`order_id`);
CREATE INDEX `store_orderitem_product_id_f2b098d4` ON `store_orderitem` (`product_id`);
COMMIT;